HR,SDNN,Timestamp
67,0.0,2020-01-01 00:00:00
67,0.0,2020-01-01 00:00:01
68,6.21,2020-01-01 00:00:02
68,6.58,2020-01-01 00:00:03
72,23.01,2020-01-01 00:00:04
72,26.76,2020-01-01 00:00:05
74,32.38,2020-01-01 00:00:06
75,36.56,2020-01-01 00:00:07
75,38.44,2020-01-01 00:00:08
76,40.49,2020-01-01 00:00:09
76,41.48,2020-01-01 00:00:10
76,41.87,2020-01-01 00:00:11
76,41.9,2020-01-01 00:00:12
75,41.12,2020-01-01 00:00:13
75,40.33,2020-01-01 00:00:14
75,39.56,2020-01-01 00:00:15
75,38.8,2020-01-01 00:00:16
75,38.08,2020-01-01 00:00:17
75,37.38,2020-01-01 00:00:18
74,36.49,2020-01-01 00:00:19
74,35.67,2020-01-01 00:00:20
73,34.85,2020-01-01 00:00:21
71,34.47,2020-01-01 00:00:22
69,35.12,2020-01-01 00:00:23
67,37.24,2020-01-01 00:00:24
65,41.03,2020-01-01 00:00:25
64,45.13,2020-01-01 00:00:26
63,49.5,2020-01-01 00:00:27
62,54.12,2020-01-01 00:00:28
62,57.78,2020-01-01 00:00:29
61,61.79,2020-01-01 00:00:30
61,65.05,2020-01-01 00:00:31
61,67.75,2020-01-01 00:00:32
62,69.23,2020-01-01 00:00:33
62,70.47,2020-01-01 00:00:34
63,70.94,2020-01-01 00:00:35
64,70.89,2020-01-01 00:00:36
65,70.48,2020-01-01 00:00:37
67,69.68,2020-01-01 00:00:38
69,68.8,2020-01-01 00:00:39
69,67.96,2020-01-01 00:00:40
70,67.18,2020-01-01 00:00:41
70,66.43,2020-01-01 00:00:42
72,65.9,2020-01-01 00:00:43
72,65.39,2020-01-01 00:00:44
72,64.89,2020-01-01 00:00:45
73,64.54,2020-01-01 00:00:46
73,64.19,2020-01-01 00:00:47
73,63.84,2020-01-01 00:00:48
73,63.49,2020-01-01 00:00:49
73,63.15,2020-01-01 00:00:50
74,62.96,2020-01-01 00:00:51
74,62.76,2020-01-01 00:00:52
74,62.55,2020-01-01 00:00:53
74,62.34,2020-01-01 00:00:54
74,62.12,2020-01-01 00:00:55
76,62.25,2020-01-01 00:00:56
78,62.78,2020-01-01 00:00:57
80,63.74,2020-01-01 00:00:58
79,64.36,2020-01-01 00:00:59
79,64.93,2020-01-01 00:01:00
80,65.65,2020-01-01 00:01:01
80,66.31,2020-01-01 00:01:02
79,66.7,2020-01-01 00:01:03
79,67.05,2020-01-01 00:01:04
79,67.37,2020-01-01 00:01:05
79,67.65,2020-01-01 00:01:06
78,67.73,2020-01-01 00:01:07
78,67.79,2020-01-01 00:01:08
78,67.84,2020-01-01 00:01:09
78,67.87,2020-01-01 00:01:10
78,67.88,2020-01-01 00:01:11
78,67.89,2020-01-01 00:01:12
78,67.88,2020-01-01 00:01:13
78,67.85,2020-01-01 00:01:14
78,67.82,2020-01-01 00:01:15
78,67.78,2020-01-01 00:01:16
78,67.73,2020-01-01 00:01:17
77,67.56,2020-01-01 00:01:18
77,67.39,2020-01-01 00:01:19
75,67.06,2020-01-01 00:01:20
72,66.65,2020-01-01 00:01:21
69,66.38,2020-01-01 00:01:22
67,66.36,2020-01-01 00:01:23
66,66.49,2020-01-01 00:01:24
66,66.6,2020-01-01 00:01:25
67,66.54,2020-01-01 00:01:26
68,66.36,2020-01-01 00:01:27
68,66.17,2020-01-01 00:01:28
68,65.98,2020-01-01 00:01:29
69,65.71,2020-01-01 00:01:30
70,65.39,2020-01-01 00:01:31
70,65.07,2020-01-01 00:01:32
71,64.73,2020-01-01 00:01:33
71,64.39,2020-01-01 00:01:34
71,64.06,2020-01-01 00:01:35
71,63.74,2020-01-01 00:01:36
71,63.42,2020-01-01 00:01:37
72,63.1,2020-01-01 00:01:38
72,62.78,2020-01-01 00:01:39
72,62.47,2020-01-01 00:01:40
72,62.17,2020-01-01 00:01:41
68,62.02,2020-01-01 00:01:42
68,61.88,2020-01-01 00:01:43
69,61.66,2020-01-01 00:01:44
68,61.51,2020-01-01 00:01:45
69,61.3,2020-01-01 00:01:46
69,61.08,2020-01-01 00:01:47
68,60.94,2020-01-01 00:01:48
68,60.8,2020-01-01 00:01:49
67,60.75,2020-01-01 00:01:50
68,60.6,2020-01-01 00:01:51
68,60.46,2020-01-01 00:01:52
69,60.25,2020-01-01 00:01:53
70,60.01,2020-01-01 00:01:54
79,60.23,2020-01-01 00:01:55
79,60.44,2020-01-01 00:01:56
85,61.43,2020-01-01 00:01:57
85,62.37,2020-01-01 00:01:58
85,63.26,2020-01-01 00:01:59
86,64.25,2020-01-01 00:02:00
87,65.33,2020-01-01 00:02:01
87,66.35,2020-01-01 00:02:02
88,67.46,2020-01-01 00:02:03
88,68.51,2020-01-01 00:02:04
88,69.51,2020-01-01 00:02:05
89,70.59,2020-01-01 00:02:06
89,71.62,2020-01-01 00:02:07
89,72.6,2020-01-01 00:02:08
89,73.53,2020-01-01 00:02:09
89,74.41,2020-01-01 00:02:10
88,75.15,2020-01-01 00:02:11
86,75.64,2020-01-01 00:02:12
86,76.11,2020-01-01 00:02:13
82,76.22,2020-01-01 00:02:14
77,76.02,2020-01-01 00:02:15
77,75.82,2020-01-01 00:02:16
74,75.55,2020-01-01 00:02:17
70,75.34,2020-01-01 00:02:18
71,75.1,2020-01-01 00:02:19
71,74.86,2020-01-01 00:02:20
72,74.61,2020-01-01 00:02:21
75,74.37,2020-01-01 00:02:22
75,74.13,2020-01-01 00:02:23
76,73.91,2020-01-01 00:02:24
76,73.7,2020-01-01 00:02:25
76,73.49,2020-01-01 00:02:26
76,73.29,2020-01-01 00:02:27
77,73.11,2020-01-01 00:02:28
77,72.94,2020-01-01 00:02:29
76,72.74,2020-01-01 00:02:30
76,72.53,2020-01-01 00:02:31
76,72.33,2020-01-01 00:02:32
75,72.11,2020-01-01 00:02:33
75,71.9,2020-01-01 00:02:34
74,71.67,2020-01-01 00:02:35
75,71.45,2020-01-01 00:02:36
75,71.24,2020-01-01 00:02:37
74,71.02,2020-01-01 00:02:38
74,70.8,2020-01-01 00:02:39
74,70.58,2020-01-01 00:02:40
73,70.36,2020-01-01 00:02:41
73,70.15,2020-01-01 00:02:42
72,69.94,2020-01-01 00:02:43
72,69.74,2020-01-01 00:02:44
72,69.54,2020-01-01 00:02:45
72,69.34,2020-01-01 00:02:46
72,69.15,2020-01-01 00:02:47
72,68.95,2020-01-01 00:02:48
72,68.76,2020-01-01 00:02:49
72,68.57,2020-01-01 00:02:50
72,68.38,2020-01-01 00:02:51
72,68.19,2020-01-01 00:02:52
72,68.0,2020-01-01 00:02:53
73,67.81,2020-01-01 00:02:54
73,67.61,2020-01-01 00:02:55
72,67.43,2020-01-01 00:02:56
73,67.24,2020-01-01 00:02:57
73,67.06,2020-01-01 00:02:58
73,66.87,2020-01-01 00:02:59
70,66.75,2020-01-01 00:03:00
68,66.73,2020-01-01 00:03:01
67,66.78,2020-01-01 00:03:02
66,66.92,2020-01-01 00:03:03
66,67.06,2020-01-01 00:03:04
66,67.19,2020-01-01 00:03:05
65,67.42,2020-01-01 00:03:06
64,67.77,2020-01-01 00:03:07
64,68.1,2020-01-01 00:03:08
64,68.43,2020-01-01 00:03:09
64,68.74,2020-01-01 00:03:10
64,69.05,2020-01-01 00:03:11
65,69.23,2020-01-01 00:03:12
67,69.23,2020-01-01 00:03:13
67,69.24,2020-01-01 00:03:14
67,69.24,2020-01-01 00:03:15
67,69.24,2020-01-01 00:03:16
67,69.23,2020-01-01 00:03:17
70,69.09,2020-01-01 00:03:18
70,68.95,2020-01-01 00:03:19
71,68.79,2020-01-01 00:03:20
72,68.62,2020-01-01 00:03:21
72,68.45,2020-01-01 00:03:22
72,68.29,2020-01-01 00:03:23
75,68.15,2020-01-01 00:03:24
77,68.06,2020-01-01 00:03:25
77,67.98,2020-01-01 00:03:26
77,67.9,2020-01-01 00:03:27
77,67.81,2020-01-01 00:03:28
76,67.7,2020-01-01 00:03:29
75,67.56,2020-01-01 00:03:30
73,67.4,2020-01-01 00:03:31
73,67.25,2020-01-01 00:03:32
74,67.1,2020-01-01 00:03:33
76,66.99,2020-01-01 00:03:34
76,66.88,2020-01-01 00:03:35
76,66.77,2020-01-01 00:03:36
77,66.69,2020-01-01 00:03:37
78,66.64,2020-01-01 00:03:38
79,66.64,2020-01-01 00:03:39
81,66.73,2020-01-01 00:03:40
81,66.81,2020-01-01 00:03:41
80,66.84,2020-01-01 00:03:42
80,66.87,2020-01-01 00:03:43
78,66.82,2020-01-01 00:03:44
74,66.68,2020-01-01 00:03:45
72,66.54,2020-01-01 00:03:46
72,66.39,2020-01-01 00:03:47
72,66.25,2020-01-01 00:03:48
72,66.11,2020-01-01 00:03:49
72,65.97,2020-01-01 00:03:50
72,65.83,2020-01-01 00:03:51
72,65.69,2020-01-01 00:03:52
71,65.57,2020-01-01 00:03:53
71,65.44,2020-01-01 00:03:54
71,65.32,2020-01-01 00:03:55
71,65.2,2020-01-01 00:03:56
72,65.06,2020-01-01 00:03:57
72,64.93,2020-01-01 00:03:58
72,64.8,2020-01-01 00:03:59
72,64.67,2020-01-01 00:04:00
72,64.53,2020-01-01 00:04:01
72,64.4,2020-01-01 00:04:02
72,64.27,2020-01-01 00:04:03
69,64.21,2020-01-01 00:04:04
69,64.14,2020-01-01 00:04:05
67,64.17,2020-01-01 00:04:06
67,64.2,2020-01-01 00:04:07
66,64.29,2020-01-01 00:04:08
66,64.38,2020-01-01 00:04:09
66,64.47,2020-01-01 00:04:10
66,64.55,2020-01-01 00:04:11
70,64.45,2020-01-01 00:04:12
77,64.39,2020-01-01 00:04:13
77,64.34,2020-01-01 00:04:14
77,64.28,2020-01-01 00:04:15
77,64.22,2020-01-01 00:04:16
78,64.19,2020-01-01 00:04:17
77,64.13,2020-01-01 00:04:18
81,64.22,2020-01-01 00:04:19
81,64.3,2020-01-01 00:04:20
83,64.49,2020-01-01 00:04:21
85,64.78,2020-01-01 00:04:22
86,65.12,2020-01-01 00:04:23
86,65.45,2020-01-01 00:04:24
86,65.77,2020-01-01 00:04:25
86,66.09,2020-01-01 00:04:26
86,66.4,2020-01-01 00:04:27
86,66.7,2020-01-01 00:04:28
86,67.0,2020-01-01 00:04:29
86,67.29,2020-01-01 00:04:30
86,67.57,2020-01-01 00:04:31
86,67.85,2020-01-01 00:04:32
86,68.12,2020-01-01 00:04:33
85,68.33,2020-01-01 00:04:34
85,68.54,2020-01-01 00:04:35
85,68.75,2020-01-01 00:04:36
86,69.0,2020-01-01 00:04:37
86,69.24,2020-01-01 00:04:38
87,69.53,2020-01-01 00:04:39
87,69.82,2020-01-01 00:04:40
87,70.09,2020-01-01 00:04:41
88,70.42,2020-01-01 00:04:42
89,70.78,2020-01-01 00:04:43
89,71.14,2020-01-01 00:04:44
89,71.5,2020-01-01 00:04:45
89,71.84,2020-01-01 00:04:46
89,72.18,2020-01-01 00:04:47
89,72.51,2020-01-01 00:04:48
89,72.83,2020-01-01 00:04:49
90,73.2,2020-01-01 00:04:50
90,73.56,2020-01-01 00:04:51
88,73.81,2020-01-01 00:04:52
89,74.11,2020-01-01 00:04:53
89,74.4,2020-01-01 00:04:54
89,74.69,2020-01-01 00:04:55
89,74.97,2020-01-01 00:04:56
89,75.24,2020-01-01 00:04:57
89,75.51,2020-01-01 00:04:58
89,75.77,2020-01-01 00:04:59
89,76.03,2020-01-01 00:05:00
93,76.47,2020-01-01 00:05:01
93,76.9,2020-01-01 00:05:02
98,77.56,2020-01-01 00:05:03
98,78.21,2020-01-01 00:05:04
98,78.85,2020-01-01 00:05:05
98,79.47,2020-01-01 00:05:06
96,79.98,2020-01-01 00:05:07
96,80.48,2020-01-01 00:05:08
94,80.89,2020-01-01 00:05:09
94,81.28,2020-01-01 00:05:10
93,81.62,2020-01-01 00:05:11
93,81.96,2020-01-01 00:05:12
92,82.25,2020-01-01 00:05:13
92,82.53,2020-01-01 00:05:14
92,82.81,2020-01-01 00:05:15
92,83.09,2020-01-01 00:05:16
92,83.36,2020-01-01 00:05:17
92,83.62,2020-01-01 00:05:18
92,83.88,2020-01-01 00:05:19
91,84.09,2020-01-01 00:05:20
92,84.34,2020-01-01 00:05:21
92,84.59,2020-01-01 00:05:22
92,84.83,2020-01-01 00:05:23
92,85.07,2020-01-01 00:05:24
92,85.3,2020-01-01 00:05:25
92,85.52,2020-01-01 00:05:26
93,85.78,2020-01-01 00:05:27
93,86.04,2020-01-01 00:05:28
93,86.29,2020-01-01 00:05:29
93,86.53,2020-01-01 00:05:30
94,86.81,2020-01-01 00:05:31
94,87.08,2020-01-01 00:05:32
94,87.35,2020-01-01 00:05:33
94,87.61,2020-01-01 00:05:34
94,87.87,2020-01-01 00:05:35
94,88.12,2020-01-01 00:05:36
93,88.33,2020-01-01 00:05:37
92,88.51,2020-01-01 00:05:38
93,88.72,2020-01-01 00:05:39
93,88.92,2020-01-01 00:05:40
93,89.12,2020-01-01 00:05:41
93,89.32,2020-01-01 00:05:42
93,89.51,2020-01-01 00:05:43
93,89.7,2020-01-01 00:05:44
92,89.86,2020-01-01 00:05:45
91,89.98,2020-01-01 00:05:46
90,90.08,2020-01-01 00:05:47
89,90.14,2020-01-01 00:05:48
88,90.18,2020-01-01 00:05:49
88,90.21,2020-01-01 00:05:50
100,90.61,2020-01-01 00:05:51
100,91.0,2020-01-01 00:05:52
107,91.63,2020-01-01 00:05:53
109,92.32,2020-01-01 00:05:54
110,93.03,2020-01-01 00:05:55
110,93.73,2020-01-01 00:05:56
110,94.41,2020-01-01 00:05:57
109,95.05,2020-01-01 00:05:58
108,95.64,2020-01-01 00:05:59
108,96.22,2020-01-01 00:06:00
107,96.75,2020-01-01 00:06:01
106,97.25,2020-01-01 00:06:02
105,97.71,2020-01-01 00:06:03
103,98.09,2020-01-01 00:06:04
103,98.47,2020-01-01 00:06:05
101,98.79,2020-01-01 00:06:06
101,99.1,2020-01-01 00:06:07
100,99.37,2020-01-01 00:06:08
100,99.64,2020-01-01 00:06:09
99,99.88,2020-01-01 00:06:10
98,100.09,2020-01-01 00:06:11
97,100.27,2020-01-01 00:06:12
95,100.4,2020-01-01 00:06:13
95,100.52,2020-01-01 00:06:14
94,100.62,2020-01-01 00:06:15
94,100.71,2020-01-01 00:06:16
93,100.78,2020-01-01 00:06:17
93,100.85,2020-01-01 00:06:18
92,100.9,2020-01-01 00:06:19
92,100.94,2020-01-01 00:06:20
92,100.99,2020-01-01 00:06:21
90,100.99,2020-01-01 00:06:22
90,100.99,2020-01-01 00:06:23
89,100.97,2020-01-01 00:06:24
89,100.95,2020-01-01 00:06:25
89,100.93,2020-01-01 00:06:26
89,100.91,2020-01-01 00:06:27
89,100.89,2020-01-01 00:06:28
89,100.87,2020-01-01 00:06:29
88,100.83,2020-01-01 00:06:30
88,100.79,2020-01-01 00:06:31
87,100.73,2020-01-01 00:06:32
86,100.67,2020-01-01 00:06:33
86,100.6,2020-01-01 00:06:34
86,100.53,2020-01-01 00:06:35
86,100.46,2020-01-01 00:06:36
87,100.4,2020-01-01 00:06:37
87,100.35,2020-01-01 00:06:38
88,100.3,2020-01-01 00:06:39
88,100.26,2020-01-01 00:06:40
88,100.22,2020-01-01 00:06:41
88,100.18,2020-01-01 00:06:42
89,100.16,2020-01-01 00:06:43
89,100.13,2020-01-01 00:06:44
89,100.11,2020-01-01 00:06:45
90,100.1,2020-01-01 00:06:46
90,100.09,2020-01-01 00:06:47
89,100.06,2020-01-01 00:06:48
89,100.03,2020-01-01 00:06:49
89,100.01,2020-01-01 00:06:50
89,99.98,2020-01-01 00:06:51
89,99.95,2020-01-01 00:06:52
89,99.92,2020-01-01 00:06:53
88,99.88,2020-01-01 00:06:54
88,99.83,2020-01-01 00:06:55
88,99.79,2020-01-01 00:06:56
88,99.74,2020-01-01 00:06:57
88,99.7,2020-01-01 00:06:58
88,99.65,2020-01-01 00:06:59
88,99.61,2020-01-01 00:07:00
89,99.58,2020-01-01 00:07:01
89,99.55,2020-01-01 00:07:02
89,99.52,2020-01-01 00:07:03
89,99.49,2020-01-01 00:07:04
89,99.45,2020-01-01 00:07:05
90,99.44,2020-01-01 00:07:06
90,99.42,2020-01-01 00:07:07
90,99.4,2020-01-01 00:07:08
90,99.39,2020-01-01 00:07:09
89,99.35,2020-01-01 00:07:10
89,99.32,2020-01-01 00:07:11
89,99.29,2020-01-01 00:07:12
89,99.25,2020-01-01 00:07:13
89,99.22,2020-01-01 00:07:14
89,99.18,2020-01-01 00:07:15
90,99.17,2020-01-01 00:07:16
90,99.15,2020-01-01 00:07:17
90,99.13,2020-01-01 00:07:18
90,99.1,2020-01-01 00:07:19
90,99.08,2020-01-01 00:07:20
90,99.06,2020-01-01 00:07:21
89,99.03,2020-01-01 00:07:22
89,98.99,2020-01-01 00:07:23
89,98.95,2020-01-01 00:07:24
89,98.92,2020-01-01 00:07:25
89,98.88,2020-01-01 00:07:26
89,98.84,2020-01-01 00:07:27
89,98.81,2020-01-01 00:07:28
88,98.76,2020-01-01 00:07:29
87,98.69,2020-01-01 00:07:30
86,98.62,2020-01-01 00:07:31
86,98.55,2020-01-01 00:07:32
85,98.46,2020-01-01 00:07:33
85,98.38,2020-01-01 00:07:34
85,98.3,2020-01-01 00:07:35
84,98.21,2020-01-01 00:07:36
84,98.12,2020-01-01 00:07:37
84,98.03,2020-01-01 00:07:38
84,97.94,2020-01-01 00:07:39
84,97.85,2020-01-01 00:07:40
84,97.76,2020-01-01 00:07:41
84,97.67,2020-01-01 00:07:42
83,97.58,2020-01-01 00:07:43
83,97.48,2020-01-01 00:07:44
83,97.39,2020-01-01 00:07:45
83,97.29,2020-01-01 00:07:46
83,97.2,2020-01-01 00:07:47
82,97.1,2020-01-01 00:07:48
81,97.0,2020-01-01 00:07:49
81,96.9,2020-01-01 00:07:50
81,96.8,2020-01-01 00:07:51
81,96.69,2020-01-01 00:07:52
81,96.59,2020-01-01 00:07:53
81,96.49,2020-01-01 00:07:54
82,96.4,2020-01-01 00:07:55
82,96.3,2020-01-01 00:07:56
82,96.2,2020-01-01 00:07:57
83,96.11,2020-01-01 00:07:58
83,96.02,2020-01-01 00:07:59
83,95.93,2020-01-01 00:08:00
83,95.84,2020-01-01 00:08:01
83,95.75,2020-01-01 00:08:02
84,95.67,2020-01-01 00:08:03
85,95.59,2020-01-01 00:08:04
85,95.52,2020-01-01 00:08:05
86,95.45,2020-01-01 00:08:06
86,95.38,2020-01-01 00:08:07
87,95.33,2020-01-01 00:08:08
87,95.27,2020-01-01 00:08:09
88,95.23,2020-01-01 00:08:10
88,95.18,2020-01-01 00:08:11
88,95.13,2020-01-01 00:08:12
89,95.1,2020-01-01 00:08:13
89,95.07,2020-01-01 00:08:14
89,95.03,2020-01-01 00:08:15
89,95.0,2020-01-01 00:08:16
89,94.96,2020-01-01 00:08:17
89,94.93,2020-01-01 00:08:18
89,94.9,2020-01-01 00:08:19
88,94.85,2020-01-01 00:08:20
88,94.8,2020-01-01 00:08:21
88,94.76,2020-01-01 00:08:22
88,94.71,2020-01-01 00:08:23
87,94.65,2020-01-01 00:08:24
87,94.6,2020-01-01 00:08:25
86,94.53,2020-01-01 00:08:26
85,94.46,2020-01-01 00:08:27
84,94.38,2020-01-01 00:08:28
84,94.3,2020-01-01 00:08:29
84,94.22,2020-01-01 00:08:30
83,94.13,2020-01-01 00:08:31
83,94.05,2020-01-01 00:08:32
83,93.96,2020-01-01 00:08:33
73,93.93,2020-01-01 00:08:34
72,93.91,2020-01-01 00:08:35
72,93.89,2020-01-01 00:08:36
72,93.88,2020-01-01 00:08:37
74,93.82,2020-01-01 00:08:38
74,93.77,2020-01-01 00:08:39
77,93.69,2020-01-01 00:08:40
78,93.61,2020-01-01 00:08:41
78,93.52,2020-01-01 00:08:42
80,93.43,2020-01-01 00:08:43
80,93.34,2020-01-01 00:08:44
80,93.25,2020-01-01 00:08:45
80,93.16,2020-01-01 00:08:46
81,93.08,2020-01-01 00:08:47
81,92.99,2020-01-01 00:08:48
81,92.9,2020-01-01 00:08:49
83,92.82,2020-01-01 00:08:50
83,92.74,2020-01-01 00:08:51
85,92.67,2020-01-01 00:08:52
85,92.61,2020-01-01 00:08:53
85,92.54,2020-01-01 00:08:54
84,92.46,2020-01-01 00:08:55
83,92.39,2020-01-01 00:08:56
83,92.31,2020-01-01 00:08:57
83,92.23,2020-01-01 00:08:58
84,92.15,2020-01-01 00:08:59
84,92.08,2020-01-01 00:09:00
84,92.01,2020-01-01 00:09:01
85,91.94,2020-01-01 00:09:02
85,91.88,2020-01-01 00:09:03
85,91.81,2020-01-01 00:09:04
85,91.74,2020-01-01 00:09:05
85,91.68,2020-01-01 00:09:06
85,91.61,2020-01-01 00:09:07
85,91.55,2020-01-01 00:09:08
85,91.48,2020-01-01 00:09:09
85,91.42,2020-01-01 00:09:10
84,91.34,2020-01-01 00:09:11
84,91.27,2020-01-01 00:09:12
85,91.21,2020-01-01 00:09:13
83,91.13,2020-01-01 00:09:14
83,91.06,2020-01-01 00:09:15
82,90.98,2020-01-01 00:09:16
80,90.89,2020-01-01 00:09:17
79,90.81,2020-01-01 00:09:18
78,90.74,2020-01-01 00:09:19
78,90.66,2020-01-01 00:09:20
78,90.59,2020-01-01 00:09:21
79,90.51,2020-01-01 00:09:22
79,90.43,2020-01-01 00:09:23
79,90.35,2020-01-01 00:09:24
79,90.27,2020-01-01 00:09:25
77,90.2,2020-01-01 00:09:26
77,90.13,2020-01-01 00:09:27
77,90.06,2020-01-01 00:09:28
78,89.99,2020-01-01 00:09:29
78,89.91,2020-01-01 00:09:30
77,89.84,2020-01-01 00:09:31
77,89.77,2020-01-01 00:09:32
76,89.71,2020-01-01 00:09:33
76,89.65,2020-01-01 00:09:34
71,89.66,2020-01-01 00:09:35
71,89.67,2020-01-01 00:09:36
70,89.71,2020-01-01 00:09:37
69,89.77,2020-01-01 00:09:38
69,89.83,2020-01-01 00:09:39
70,89.87,2020-01-01 00:09:40
71,89.88,2020-01-01 00:09:41
72,89.87,2020-01-01 00:09:42
72,89.85,2020-01-01 00:09:43
73,89.83,2020-01-01 00:09:44
73,89.8,2020-01-01 00:09:45
72,89.79,2020-01-01 00:09:46
72,89.78,2020-01-01 00:09:47
72,89.77,2020-01-01 00:09:48
72,89.75,2020-01-01 00:09:49
72,89.74,2020-01-01 00:09:50
72,89.73,2020-01-01 00:09:51
73,89.7,2020-01-01 00:09:52
73,89.67,2020-01-01 00:09:53
73,89.64,2020-01-01 00:09:54
73,89.61,2020-01-01 00:09:55
73,89.59,2020-01-01 00:09:56
74,89.54,2020-01-01 00:09:57
74,89.5,2020-01-01 00:09:58
75,89.45,2020-01-01 00:09:59
75,89.39,2020-01-01 00:10:00
77,89.33,2020-01-01 00:10:01
79,89.25,2020-01-01 00:10:02
79,89.18,2020-01-01 00:10:03
81,89.11,2020-01-01 00:10:04
82,89.04,2020-01-01 00:10:05
82,88.97,2020-01-01 00:10:06
82,88.9,2020-01-01 00:10:07
82,88.83,2020-01-01 00:10:08
82,88.76,2020-01-01 00:10:09
81,88.69,2020-01-01 00:10:10
81,88.62,2020-01-01 00:10:11
81,88.55,2020-01-01 00:10:12
82,88.48,2020-01-01 00:10:13
83,88.41,2020-01-01 00:10:14
83,88.35,2020-01-01 00:10:15
83,88.29,2020-01-01 00:10:16
84,88.23,2020-01-01 00:10:17
84,88.17,2020-01-01 00:10:18
84,88.11,2020-01-01 00:10:19
85,88.06,2020-01-01 00:10:20
85,88.01,2020-01-01 00:10:21
85,87.96,2020-01-01 00:10:22
86,87.91,2020-01-01 00:10:23
86,87.87,2020-01-01 00:10:24
87,87.83,2020-01-01 00:10:25
86,87.79,2020-01-01 00:10:26
86,87.74,2020-01-01 00:10:27
86,87.7,2020-01-01 00:10:28
86,87.65,2020-01-01 00:10:29
86,87.61,2020-01-01 00:10:30
86,87.57,2020-01-01 00:10:31
87,87.53,2020-01-01 00:10:32
87,87.49,2020-01-01 00:10:33
88,87.47,2020-01-01 00:10:34
86,87.42,2020-01-01 00:10:35
86,87.38,2020-01-01 00:10:36
85,87.33,2020-01-01 00:10:37
85,87.28,2020-01-01 00:10:38
85,87.23,2020-01-01 00:10:39
85,87.18,2020-01-01 00:10:40
86,87.13,2020-01-01 00:10:41
86,87.09,2020-01-01 00:10:42
86,87.05,2020-01-01 00:10:43
87,87.01,2020-01-01 00:10:44
86,86.97,2020-01-01 00:10:45
86,86.92,2020-01-01 00:10:46
86,86.88,2020-01-01 00:10:47
86,86.84,2020-01-01 00:10:48
86,86.79,2020-01-01 00:10:49
85,86.74,2020-01-01 00:10:50
85,86.69,2020-01-01 00:10:51
85,86.64,2020-01-01 00:10:52
84,86.59,2020-01-01 00:10:53
83,86.53,2020-01-01 00:10:54
83,86.47,2020-01-01 00:10:55
83,86.41,2020-01-01 00:10:56
83,86.35,2020-01-01 00:10:57
83,86.29,2020-01-01 00:10:58
83,86.23,2020-01-01 00:10:59
83,86.17,2020-01-01 00:11:00
83,86.11,2020-01-01 00:11:01
83,86.05,2020-01-01 00:11:02
83,85.99,2020-01-01 00:11:03
82,85.93,2020-01-01 00:11:04
82,85.87,2020-01-01 00:11:05
82,85.8,2020-01-01 00:11:06
82,85.74,2020-01-01 00:11:07
81,85.68,2020-01-01 00:11:08
81,85.61,2020-01-01 00:11:09
81,85.55,2020-01-01 00:11:10
80,85.49,2020-01-01 00:11:11
80,85.42,2020-01-01 00:11:12
79,85.36,2020-01-01 00:11:13
79,85.3,2020-01-01 00:11:14
79,85.24,2020-01-01 00:11:15
76,85.19,2020-01-01 00:11:16
73,85.17,2020-01-01 00:11:17
72,85.17,2020-01-01 00:11:18
72,85.17,2020-01-01 00:11:19
67,85.29,2020-01-01 00:11:20
67,85.42,2020-01-01 00:11:21
66,85.57,2020-01-01 00:11:22
65,85.77,2020-01-01 00:11:23
65,85.96,2020-01-01 00:11:24
64,86.19,2020-01-01 00:11:25
64,86.43,2020-01-01 00:11:26
64,86.66,2020-01-01 00:11:27
64,86.89,2020-01-01 00:11:28
63,87.16,2020-01-01 00:11:29
63,87.43,2020-01-01 00:11:30
63,87.7,2020-01-01 00:11:31
63,87.97,2020-01-01 00:11:32
63,88.23,2020-01-01 00:11:33
63,88.49,2020-01-01 00:11:34
64,88.71,2020-01-01 00:11:35
64,88.92,2020-01-01 00:11:36
67,89.02,2020-01-01 00:11:37
70,89.04,2020-01-01 00:11:38
70,89.06,2020-01-01 00:11:39
71,89.06,2020-01-01 00:11:40
73,89.04,2020-01-01 00:11:41
74,89.0,2020-01-01 00:11:42
74,88.96,2020-01-01 00:11:43
75,88.92,2020-01-01 00:11:44
75,88.87,2020-01-01 00:11:45
77,88.81,2020-01-01 00:11:46
77,88.75,2020-01-01 00:11:47
77,88.7,2020-01-01 00:11:48
77,88.64,2020-01-01 00:11:49
78,88.58,2020-01-01 00:11:50
78,88.52,2020-01-01 00:11:51
78,88.46,2020-01-01 00:11:52
78,88.4,2020-01-01 00:11:53
78,88.34,2020-01-01 00:11:54
76,88.28,2020-01-01 00:11:55
77,88.23,2020-01-01 00:11:56
77,88.17,2020-01-01 00:11:57
78,88.11,2020-01-01 00:11:58
81,88.05,2020-01-01 00:11:59
81,87.99,2020-01-01 00:12:00
82,87.93,2020-01-01 00:12:01
83,87.88,2020-01-01 00:12:02
83,87.83,2020-01-01 00:12:03
83,87.78,2020-01-01 00:12:04
84,87.73,2020-01-01 00:12:05
84,87.68,2020-01-01 00:12:06
84,87.63,2020-01-01 00:12:07
84,87.59,2020-01-01 00:12:08
84,87.54,2020-01-01 00:12:09
83,87.49,2020-01-01 00:12:10
82,87.43,2020-01-01 00:12:11
82,87.37,2020-01-01 00:12:12
82,87.32,2020-01-01 00:12:13
82,87.26,2020-01-01 00:12:14
82,87.21,2020-01-01 00:12:15
82,87.15,2020-01-01 00:12:16
83,87.1,2020-01-01 00:12:17
83,87.05,2020-01-01 00:12:18
84,87.0,2020-01-01 00:12:19
84,86.96,2020-01-01 00:12:20
84,86.91,2020-01-01 00:12:21
85,86.87,2020-01-01 00:12:22
83,86.82,2020-01-01 00:12:23
83,86.77,2020-01-01 00:12:24
80,86.71,2020-01-01 00:12:25
78,86.65,2020-01-01 00:12:26
78,86.6,2020-01-01 00:12:27
76,86.55,2020-01-01 00:12:28
77,86.5,2020-01-01 00:12:29
78,86.44,2020-01-01 00:12:30
78,86.38,2020-01-01 00:12:31
82,86.33,2020-01-01 00:12:32
82,86.28,2020-01-01 00:12:33
84,86.23,2020-01-01 00:12:34
83,86.18,2020-01-01 00:12:35
83,86.13,2020-01-01 00:12:36
83,86.08,2020-01-01 00:12:37
82,86.03,2020-01-01 00:12:38
82,85.98,2020-01-01 00:12:39
82,85.92,2020-01-01 00:12:40
81,85.87,2020-01-01 00:12:41
81,85.81,2020-01-01 00:12:42
81,85.76,2020-01-01 00:12:43
80,85.7,2020-01-01 00:12:44
80,85.65,2020-01-01 00:12:45
80,85.59,2020-01-01 00:12:46
79,85.54,2020-01-01 00:12:47
78,85.48,2020-01-01 00:12:48
78,85.43,2020-01-01 00:12:49
78,85.37,2020-01-01 00:12:50
78,85.32,2020-01-01 00:12:51
78,85.27,2020-01-01 00:12:52
78,85.21,2020-01-01 00:12:53
78,85.16,2020-01-01 00:12:54
78,85.11,2020-01-01 00:12:55
79,85.05,2020-01-01 00:12:56
79,85.0,2020-01-01 00:12:57
80,84.94,2020-01-01 00:12:58
80,84.89,2020-01-01 00:12:59
80,84.84,2020-01-01 00:13:00
81,84.78,2020-01-01 00:13:01
81,84.73,2020-01-01 00:13:02
81,84.68,2020-01-01 00:13:03
81,84.62,2020-01-01 00:13:04
81,84.57,2020-01-01 00:13:05
81,84.52,2020-01-01 00:13:06
81,84.47,2020-01-01 00:13:07
81,84.41,2020-01-01 00:13:08
81,84.36,2020-01-01 00:13:09
81,84.31,2020-01-01 00:13:10
82,84.26,2020-01-01 00:13:11
83,84.21,2020-01-01 00:13:12
83,84.17,2020-01-01 00:13:13
83,84.12,2020-01-01 00:13:14
83,84.08,2020-01-01 00:13:15
83,84.03,2020-01-01 00:13:16
83,83.98,2020-01-01 00:13:17
83,83.94,2020-01-01 00:13:18
83,83.89,2020-01-01 00:13:19
84,83.85,2020-01-01 00:13:20
84,83.81,2020-01-01 00:13:21
85,83.78,2020-01-01 00:13:22
85,83.74,2020-01-01 00:13:23
85,83.7,2020-01-01 00:13:24
85,83.67,2020-01-01 00:13:25
85,83.63,2020-01-01 00:13:26
85,83.6,2020-01-01 00:13:27
85,83.56,2020-01-01 00:13:28
87,83.54,2020-01-01 00:13:29
87,83.52,2020-01-01 00:13:30
87,83.49,2020-01-01 00:13:31
86,83.46,2020-01-01 00:13:32
86,83.44,2020-01-01 00:13:33
86,83.41,2020-01-01 00:13:34
85,83.37,2020-01-01 00:13:35
85,83.34,2020-01-01 00:13:36
85,83.3,2020-01-01 00:13:37
84,83.26,2020-01-01 00:13:38
84,83.22,2020-01-01 00:13:39
83,83.17,2020-01-01 00:13:40
83,83.13,2020-01-01 00:13:41
83,83.09,2020-01-01 00:13:42
82,83.04,2020-01-01 00:13:43
82,82.99,2020-01-01 00:13:44
82,82.94,2020-01-01 00:13:45
81,82.89,2020-01-01 00:13:46
81,82.84,2020-01-01 00:13:47
81,82.8,2020-01-01 00:13:48
81,82.75,2020-01-01 00:13:49
82,82.7,2020-01-01 00:13:50
82,82.65,2020-01-01 00:13:51
82,82.61,2020-01-01 00:13:52
82,82.56,2020-01-01 00:13:53
82,82.51,2020-01-01 00:13:54
78,82.47,2020-01-01 00:13:55
75,82.43,2020-01-01 00:13:56
75,82.4,2020-01-01 00:13:57
74,82.38,2020-01-01 00:13:58
74,82.35,2020-01-01 00:13:59
74,82.33,2020-01-01 00:14:00
74,82.31,2020-01-01 00:14:01
74,82.28,2020-01-01 00:14:02
74,82.26,2020-01-01 00:14:03
73,82.24,2020-01-01 00:14:04
73,82.23,2020-01-01 00:14:05
73,82.22,2020-01-01 00:14:06
74,82.19,2020-01-01 00:14:07
76,82.15,2020-01-01 00:14:08
76,82.12,2020-01-01 00:14:09
76,82.08,2020-01-01 00:14:10
76,82.04,2020-01-01 00:14:11
76,82.0,2020-01-01 00:14:12
77,81.96,2020-01-01 00:14:13
77,81.91,2020-01-01 00:14:14
77,81.87,2020-01-01 00:14:15
77,81.83,2020-01-01 00:14:16
78,81.78,2020-01-01 00:14:17
78,81.74,2020-01-01 00:14:18
78,81.69,2020-01-01 00:14:19
78,81.65,2020-01-01 00:14:20
78,81.6,2020-01-01 00:14:21
78,81.56,2020-01-01 00:14:22
78,81.51,2020-01-01 00:14:23
78,81.47,2020-01-01 00:14:24
78,81.42,2020-01-01 00:14:25
78,81.37,2020-01-01 00:14:26
78,81.33,2020-01-01 00:14:27
78,81.29,2020-01-01 00:14:28
83,81.24,2020-01-01 00:14:29
83,81.2,2020-01-01 00:14:30
84,81.17,2020-01-01 00:14:31
84,81.13,2020-01-01 00:14:32
84,81.1,2020-01-01 00:14:33
84,81.06,2020-01-01 00:14:34
84,81.02,2020-01-01 00:14:35
84,80.99,2020-01-01 00:14:36
85,80.96,2020-01-01 00:14:37
84,80.92,2020-01-01 00:14:38
81,80.88,2020-01-01 00:14:39
81,80.83,2020-01-01 00:14:40
79,80.79,2020-01-01 00:14:41
79,80.74,2020-01-01 00:14:42
81,80.7,2020-01-01 00:14:43
82,80.65,2020-01-01 00:14:44
82,80.61,2020-01-01 00:14:45
82,80.57,2020-01-01 00:14:46
82,80.53,2020-01-01 00:14:47
82,80.48,2020-01-01 00:14:48
82,80.44,2020-01-01 00:14:49
82,80.4,2020-01-01 00:14:50
82,80.36,2020-01-01 00:14:51
82,80.32,2020-01-01 00:14:52
82,80.27,2020-01-01 00:14:53
82,80.23,2020-01-01 00:14:54
81,80.19,2020-01-01 00:14:55
80,80.14,2020-01-01 00:14:56
80,80.1,2020-01-01 00:14:57
80,80.05,2020-01-01 00:14:58
80,80.01,2020-01-01 00:14:59
80,79.97,2020-01-01 00:15:00
80,79.92,2020-01-01 00:15:01
80,79.88,2020-01-01 00:15:02
80,79.83,2020-01-01 00:15:03
80,79.79,2020-01-01 00:15:04
80,79.74,2020-01-01 00:15:05
80,79.7,2020-01-01 00:15:06
80,79.66,2020-01-01 00:15:07
80,79.61,2020-01-01 00:15:08
80,79.57,2020-01-01 00:15:09
80,79.53,2020-01-01 00:15:10
80,79.48,2020-01-01 00:15:11
80,79.44,2020-01-01 00:15:12
80,79.4,2020-01-01 00:15:13
80,79.35,2020-01-01 00:15:14
80,79.31,2020-01-01 00:15:15
81,79.27,2020-01-01 00:15:16
82,79.23,2020-01-01 00:15:17
82,79.19,2020-01-01 00:15:18
83,79.15,2020-01-01 00:15:19
84,79.12,2020-01-01 00:15:20
84,79.08,2020-01-01 00:15:21
84,79.05,2020-01-01 00:15:22
85,79.02,2020-01-01 00:15:23
85,78.99,2020-01-01 00:15:24
86,78.97,2020-01-01 00:15:25
89,78.97,2020-01-01 00:15:26
89,78.97,2020-01-01 00:15:27
88,78.96,2020-01-01 00:15:28
90,78.96,2020-01-01 00:15:29
90,78.97,2020-01-01 00:15:30
90,78.98,2020-01-01 00:15:31
89,78.97,2020-01-01 00:15:32
89,78.97,2020-01-01 00:15:33
89,78.97,2020-01-01 00:15:34
88,78.96,2020-01-01 00:15:35
88,78.95,2020-01-01 00:15:36
88,78.94,2020-01-01 00:15:37
86,78.92,2020-01-01 00:15:38
86,78.9,2020-01-01 00:15:39
85,78.87,2020-01-01 00:15:40
84,78.83,2020-01-01 00:15:41
84,78.8,2020-01-01 00:15:42
84,78.77,2020-01-01 00:15:43
84,78.74,2020-01-01 00:15:44
84,78.7,2020-01-01 00:15:45
84,78.67,2020-01-01 00:15:46
84,78.64,2020-01-01 00:15:47
84,78.6,2020-01-01 00:15:48
84,78.57,2020-01-01 00:15:49
85,78.54,2020-01-01 00:15:50
85,78.52,2020-01-01 00:15:51
85,78.49,2020-01-01 00:15:52
85,78.46,2020-01-01 00:15:53
85,78.43,2020-01-01 00:15:54
85,78.4,2020-01-01 00:15:55
85,78.38,2020-01-01 00:15:56
85,78.35,2020-01-01 00:15:57
84,78.31,2020-01-01 00:15:58
83,78.28,2020-01-01 00:15:59
83,78.24,2020-01-01 00:16:00
83,78.21,2020-01-01 00:16:01
83,78.17,2020-01-01 00:16:02
83,78.14,2020-01-01 00:16:03
83,78.1,2020-01-01 00:16:04
83,78.06,2020-01-01 00:16:05
83,78.03,2020-01-01 00:16:06
84,78.0,2020-01-01 00:16:07
85,77.97,2020-01-01 00:16:08
85,77.94,2020-01-01 00:16:09
85,77.91,2020-01-01 00:16:10
85,77.89,2020-01-01 00:16:11
85,77.86,2020-01-01 00:16:12
85,77.83,2020-01-01 00:16:13
84,77.8,2020-01-01 00:16:14
84,77.77,2020-01-01 00:16:15
84,77.74,2020-01-01 00:16:16
84,77.7,2020-01-01 00:16:17
83,77.67,2020-01-01 00:16:18
83,77.63,2020-01-01 00:16:19
84,77.6,2020-01-01 00:16:20
84,77.57,2020-01-01 00:16:21
84,77.54,2020-01-01 00:16:22
85,77.51,2020-01-01 00:16:23
85,77.49,2020-01-01 00:16:24
85,77.46,2020-01-01 00:16:25
86,77.44,2020-01-01 00:16:26
86,77.41,2020-01-01 00:16:27
87,77.4,2020-01-01 00:16:28
90,77.4,2020-01-01 00:16:29
90,77.41,2020-01-01 00:16:30
91,77.42,2020-01-01 00:16:31
92,77.44,2020-01-01 00:16:32
92,77.46,2020-01-01 00:16:33
92,77.48,2020-01-01 00:16:34
93,77.51,2020-01-01 00:16:35
93,77.54,2020-01-01 00:16:36
93,77.57,2020-01-01 00:16:37
93,77.6,2020-01-01 00:16:38
93,77.63,2020-01-01 00:16:39
93,77.66,2020-01-01 00:16:40
92,77.68,2020-01-01 00:16:41
92,77.7,2020-01-01 00:16:42
92,77.72,2020-01-01 00:16:43
92,77.74,2020-01-01 00:16:44
92,77.76,2020-01-01 00:16:45
91,77.77,2020-01-01 00:16:46
90,77.77,2020-01-01 00:16:47
90,77.77,2020-01-01 00:16:48
89,77.77,2020-01-01 00:16:49
87,77.75,2020-01-01 00:16:50
87,77.73,2020-01-01 00:16:51
86,77.71,2020-01-01 00:16:52
86,77.69,2020-01-01 00:16:53
86,77.66,2020-01-01 00:16:54
85,77.64,2020-01-01 00:16:55
85,77.61,2020-01-01 00:16:56
85,77.58,2020-01-01 00:16:57
85,77.55,2020-01-01 00:16:58
84,77.52,2020-01-01 00:16:59
84,77.49,2020-01-01 00:17:00
84,77.46,2020-01-01 00:17:01
84,77.43,2020-01-01 00:17:02
84,77.39,2020-01-01 00:17:03
84,77.36,2020-01-01 00:17:04
85,77.34,2020-01-01 00:17:05
85,77.31,2020-01-01 00:17:06
85,77.28,2020-01-01 00:17:07
84,77.25,2020-01-01 00:17:08
84,77.22,2020-01-01 00:17:09
84,77.19,2020-01-01 00:17:10
82,77.15,2020-01-01 00:17:11
82,77.12,2020-01-01 00:17:12
81,77.08,2020-01-01 00:17:13
80,77.04,2020-01-01 00:17:14
80,77.0,2020-01-01 00:17:15
80,76.97,2020-01-01 00:17:16
80,76.93,2020-01-01 00:17:17
80,76.89,2020-01-01 00:17:18
80,76.86,2020-01-01 00:17:19
80,76.82,2020-01-01 00:17:20
80,76.78,2020-01-01 00:17:21
80,76.75,2020-01-01 00:17:22
79,76.71,2020-01-01 00:17:23
79,76.67,2020-01-01 00:17:24
80,76.64,2020-01-01 00:17:25
80,76.6,2020-01-01 00:17:26
80,76.57,2020-01-01 00:17:27
81,76.53,2020-01-01 00:17:28
82,76.49,2020-01-01 00:17:29
82,76.46,2020-01-01 00:17:30
82,76.42,2020-01-01 00:17:31
82,76.39,2020-01-01 00:17:32
82,76.35,2020-01-01 00:17:33
82,76.32,2020-01-01 00:17:34
83,76.29,2020-01-01 00:17:35
83,76.25,2020-01-01 00:17:36
86,76.23,2020-01-01 00:17:37
88,76.22,2020-01-01 00:17:38
88,76.21,2020-01-01 00:17:39
87,76.19,2020-01-01 00:17:40
86,76.17,2020-01-01 00:17:41
86,76.15,2020-01-01 00:17:42
85,76.12,2020-01-01 00:17:43
85,76.1,2020-01-01 00:17:44
85,76.07,2020-01-01 00:17:45
85,76.05,2020-01-01 00:17:46
84,76.02,2020-01-01 00:17:47
84,75.99,2020-01-01 00:17:48
84,75.96,2020-01-01 00:17:49
83,75.93,2020-01-01 00:17:50
83,75.89,2020-01-01 00:17:51
83,75.86,2020-01-01 00:17:52
82,75.83,2020-01-01 00:17:53
82,75.79,2020-01-01 00:17:54
81,75.76,2020-01-01 00:17:55
81,75.72,2020-01-01 00:17:56
81,75.69,2020-01-01 00:17:57
78,75.66,2020-01-01 00:17:58
77,75.63,2020-01-01 00:17:59
77,75.6,2020-01-01 00:18:00
76,75.58,2020-01-01 00:18:01
76,75.55,2020-01-01 00:18:02
76,75.53,2020-01-01 00:18:03
76,75.51,2020-01-01 00:18:04
77,75.48,2020-01-01 00:18:05
77,75.45,2020-01-01 00:18:06
76,75.43,2020-01-01 00:18:07
76,75.41,2020-01-01 00:18:08
76,75.38,2020-01-01 00:18:09
75,75.37,2020-01-01 00:18:10
74,75.36,2020-01-01 00:18:11
74,75.35,2020-01-01 00:18:12
74,75.34,2020-01-01 00:18:13
76,75.32,2020-01-01 00:18:14
76,75.29,2020-01-01 00:18:15
78,75.26,2020-01-01 00:18:16
78,75.23,2020-01-01 00:18:17
78,75.2,2020-01-01 00:18:18
78,75.17,2020-01-01 00:18:19
77,75.14,2020-01-01 00:18:20
77,75.11,2020-01-01 00:18:21
76,75.09,2020-01-01 00:18:22
77,75.06,2020-01-01 00:18:23
77,75.04,2020-01-01 00:18:24
77,75.01,2020-01-01 00:18:25
78,74.98,2020-01-01 00:18:26
79,74.95,2020-01-01 00:18:27
79,74.91,2020-01-01 00:18:28
80,74.88,2020-01-01 00:18:29
80,74.85,2020-01-01 00:18:30
81,74.81,2020-01-01 00:18:31
84,74.79,2020-01-01 00:18:32
84,74.76,2020-01-01 00:18:33
86,74.74,2020-01-01 00:18:34
87,74.72,2020-01-01 00:18:35
87,74.71,2020-01-01 00:18:36
87,74.7,2020-01-01 00:18:37
87,74.68,2020-01-01 00:18:38
87,74.67,2020-01-01 00:18:39
86,74.65,2020-01-01 00:18:40
86,74.63,2020-01-01 00:18:41
86,74.61,2020-01-01 00:18:42
87,74.59,2020-01-01 00:18:43
89,74.59,2020-01-01 00:18:44
89,74.59,2020-01-01 00:18:45
88,74.58,2020-01-01 00:18:46
88,74.57,2020-01-01 00:18:47
88,74.56,2020-01-01 00:18:48
88,74.55,2020-01-01 00:18:49
88,74.54,2020-01-01 00:18:50
88,74.54,2020-01-01 00:18:51
88,74.53,2020-01-01 00:18:52
87,74.51,2020-01-01 00:18:53
87,74.5,2020-01-01 00:18:54
86,74.48,2020-01-01 00:18:55
86,74.46,2020-01-01 00:18:56
86,74.44,2020-01-01 00:18:57
86,74.42,2020-01-01 00:18:58
86,74.4,2020-01-01 00:18:59
85,74.38,2020-01-01 00:19:00
85,74.35,2020-01-01 00:19:01
85,74.33,2020-01-01 00:19:02
85,74.31,2020-01-01 00:19:03
85,74.28,2020-01-01 00:19:04
85,74.26,2020-01-01 00:19:05
85,74.24,2020-01-01 00:19:06
85,74.21,2020-01-01 00:19:07
84,74.18,2020-01-01 00:19:08
84,74.16,2020-01-01 00:19:09
84,74.13,2020-01-01 00:19:10
84,74.1,2020-01-01 00:19:11
84,74.08,2020-01-01 00:19:12
85,74.05,2020-01-01 00:19:13
86,74.03,2020-01-01 00:19:14
87,74.02,2020-01-01 00:19:15
87,74.01,2020-01-01 00:19:16
88,74.0,2020-01-01 00:19:17
88,73.99,2020-01-01 00:19:18
87,73.97,2020-01-01 00:19:19
80,73.94,2020-01-01 00:19:20
80,73.91,2020-01-01 00:19:21
76,73.89,2020-01-01 00:19:22
69,73.95,2020-01-01 00:19:23
61,74.25,2020-01-01 00:19:24
61,74.55,2020-01-01 00:19:25
62,74.8,2020-01-01 00:19:26
62,75.05,2020-01-01 00:19:27
63,75.26,2020-01-01 00:19:28
64,75.44,2020-01-01 00:19:29
64,75.62,2020-01-01 00:19:30
64,75.79,2020-01-01 00:19:31
64,75.96,2020-01-01 00:19:32
64,76.14,2020-01-01 00:19:33
63,76.34,2020-01-01 00:19:34
64,76.51,2020-01-01 00:19:35
64,76.68,2020-01-01 00:19:36
64,76.85,2020-01-01 00:19:37
65,76.99,2020-01-01 00:19:38
66,77.1,2020-01-01 00:19:39
67,77.19,2020-01-01 00:19:40
72,77.2,2020-01-01 00:19:41
72,77.2,2020-01-01 00:19:42
80,77.17,2020-01-01 00:19:43
83,77.14,2020-01-01 00:19:44
83,77.11,2020-01-01 00:19:45
84,77.09,2020-01-01 00:19:46
84,77.06,2020-01-01 00:19:47
84,77.03,2020-01-01 00:19:48
84,77.01,2020-01-01 00:19:49
84,76.98,2020-01-01 00:19:50
84,76.95,2020-01-01 00:19:51
84,76.93,2020-01-01 00:19:52
83,76.9,2020-01-01 00:19:53
83,76.87,2020-01-01 00:19:54
81,76.84,2020-01-01 00:19:55
76,76.82,2020-01-01 00:19:56
75,76.8,2020-01-01 00:19:57
75,76.78,2020-01-01 00:19:58
75,76.77,2020-01-01 00:19:59
75,76.75,2020-01-01 00:20:00
75,76.73,2020-01-01 00:20:01
76,76.71,2020-01-01 00:20:02
76,76.69,2020-01-01 00:20:03
76,76.66,2020-01-01 00:20:04
77,76.64,2020-01-01 00:20:05
77,76.61,2020-01-01 00:20:06
77,76.59,2020-01-01 00:20:07
77,76.56,2020-01-01 00:20:08
77,76.53,2020-01-01 00:20:09
77,76.51,2020-01-01 00:20:10
78,76.48,2020-01-01 00:20:11
78,76.45,2020-01-01 00:20:12
72,76.46,2020-01-01 00:20:13
72,76.47,2020-01-01 00:20:14
72,76.47,2020-01-01 00:20:15
72,76.48,2020-01-01 00:20:16
72,76.49,2020-01-01 00:20:17
74,76.48,2020-01-01 00:20:18
75,76.46,2020-01-01 00:20:19
75,76.44,2020-01-01 00:20:20
78,76.42,2020-01-01 00:20:21
89,76.41,2020-01-01 00:20:22
90,76.42,2020-01-01 00:20:23
90,76.42,2020-01-01 00:20:24
91,76.43,2020-01-01 00:20:25
91,76.44,2020-01-01 00:20:26
91,76.45,2020-01-01 00:20:27
89,76.45,2020-01-01 00:20:28
89,76.45,2020-01-01 00:20:29
88,76.44,2020-01-01 00:20:30
87,76.43,2020-01-01 00:20:31
86,76.41,2020-01-01 00:20:32
86,76.39,2020-01-01 00:20:33
86,76.37,2020-01-01 00:20:34
86,76.36,2020-01-01 00:20:35
86,76.34,2020-01-01 00:20:36
86,76.32,2020-01-01 00:20:37
86,76.3,2020-01-01 00:20:38
87,76.29,2020-01-01 00:20:39
87,76.28,2020-01-01 00:20:40
87,76.26,2020-01-01 00:20:41
88,76.26,2020-01-01 00:20:42
88,76.25,2020-01-01 00:20:43
88,76.24,2020-01-01 00:20:44
88,76.23,2020-01-01 00:20:45
87,76.22,2020-01-01 00:20:46
87,76.2,2020-01-01 00:20:47
87,76.19,2020-01-01 00:20:48
86,76.17,2020-01-01 00:20:49
86,76.16,2020-01-01 00:20:50
85,76.13,2020-01-01 00:20:51
85,76.11,2020-01-01 00:20:52
85,76.09,2020-01-01 00:20:53
84,76.07,2020-01-01 00:20:54
84,76.04,2020-01-01 00:20:55
84,76.02,2020-01-01 00:20:56
84,75.99,2020-01-01 00:20:57
83,75.96,2020-01-01 00:20:58
83,75.94,2020-01-01 00:20:59
83,75.91,2020-01-01 00:21:00
84,75.88,2020-01-01 00:21:01
84,75.86,2020-01-01 00:21:02
84,75.84,2020-01-01 00:21:03
84,75.81,2020-01-01 00:21:04
84,75.79,2020-01-01 00:21:05
84,75.76,2020-01-01 00:21:06
84,75.74,2020-01-01 00:21:07
84,75.71,2020-01-01 00:21:08
84,75.69,2020-01-01 00:21:09
84,75.66,2020-01-01 00:21:10
84,75.64,2020-01-01 00:21:11
84,75.61,2020-01-01 00:21:12
86,75.6,2020-01-01 00:21:13
86,75.58,2020-01-01 00:21:14
88,75.57,2020-01-01 00:21:15
87,75.56,2020-01-01 00:21:16
87,75.54,2020-01-01 00:21:17
89,75.54,2020-01-01 00:21:18
87,75.53,2020-01-01 00:21:19
86,75.51,2020-01-01 00:21:20
86,75.49,2020-01-01 00:21:21
85,75.47,2020-01-01 00:21:22
85,75.45,2020-01-01 00:21:23
86,75.43,2020-01-01 00:21:24
86,75.42,2020-01-01 00:21:25
86,75.4,2020-01-01 00:21:26
87,75.39,2020-01-01 00:21:27
88,75.38,2020-01-01 00:21:28
89,75.37,2020-01-01 00:21:29
90,75.38,2020-01-01 00:21:30
90,75.38,2020-01-01 00:21:31
90,75.38,2020-01-01 00:21:32
90,75.38,2020-01-01 00:21:33
90,75.39,2020-01-01 00:21:34
90,75.39,2020-01-01 00:21:35
89,75.39,2020-01-01 00:21:36
89,75.38,2020-01-01 00:21:37
89,75.38,2020-01-01 00:21:38
89,75.38,2020-01-01 00:21:39
88,75.37,2020-01-01 00:21:40
88,75.36,2020-01-01 00:21:41
88,75.35,2020-01-01 00:21:42
87,75.34,2020-01-01 00:21:43
86,75.32,2020-01-01 00:21:44
86,75.3,2020-01-01 00:21:45
86,75.28,2020-01-01 00:21:46
86,75.27,2020-01-01 00:21:47
85,75.24,2020-01-01 00:21:48
84,75.22,2020-01-01 00:21:49
84,75.2,2020-01-01 00:21:50
85,75.18,2020-01-01 00:21:51
92,75.19,2020-01-01 00:21:52
96,75.23,2020-01-01 00:21:53
96,75.28,2020-01-01 00:21:54
102,75.37,2020-01-01 00:21:55
102,75.46,2020-01-01 00:21:56
103,75.57,2020-01-01 00:21:57
101,75.65,2020-01-01 00:21:58
101,75.73,2020-01-01 00:21:59
99,75.8,2020-01-01 00:22:00
98,75.86,2020-01-01 00:22:01
98,75.91,2020-01-01 00:22:02
98,75.97,2020-01-01 00:22:03
97,76.02,2020-01-01 00:22:04
97,76.07,2020-01-01 00:22:05
97,76.11,2020-01-01 00:22:06
96,76.15,2020-01-01 00:22:07
95,76.19,2020-01-01 00:22:08
95,76.22,2020-01-01 00:22:09
94,76.24,2020-01-01 00:22:10
94,76.27,2020-01-01 00:22:11
93,76.29,2020-01-01 00:22:12
92,76.3,2020-01-01 00:22:13
92,76.31,2020-01-01 00:22:14
90,76.31,2020-01-01 00:22:15
85,76.29,2020-01-01 00:22:16
80,76.26,2020-01-01 00:22:17
80,76.23,2020-01-01 00:22:18
73,76.23,2020-01-01 00:22:19
73,76.24,2020-01-01 00:22:20
72,76.25,2020-01-01 00:22:21
72,76.26,2020-01-01 00:22:22
72,76.27,2020-01-01 00:22:23
72,76.28,2020-01-01 00:22:24
72,76.29,2020-01-01 00:22:25
72,76.31,2020-01-01 00:22:26
72,76.32,2020-01-01 00:22:27
72,76.33,2020-01-01 00:22:28
72,76.34,2020-01-01 00:22:29
72,76.35,2020-01-01 00:22:30
72,76.36,2020-01-01 00:22:31
72,76.37,2020-01-01 00:22:32
72,76.39,2020-01-01 00:22:33
73,76.39,2020-01-01 00:22:34
73,76.39,2020-01-01 00:22:35
74,76.38,2020-01-01 00:22:36
74,76.38,2020-01-01 00:22:37
74,76.37,2020-01-01 00:22:38
75,76.36,2020-01-01 00:22:39
77,76.34,2020-01-01 00:22:40
78,76.31,2020-01-01 00:22:41
78,76.29,2020-01-01 00:22:42
78,76.26,2020-01-01 00:22:43
78,76.24,2020-01-01 00:22:44
77,76.21,2020-01-01 00:22:45
77,76.19,2020-01-01 00:22:46
77,76.17,2020-01-01 00:22:47
77,76.15,2020-01-01 00:22:48
76,76.13,2020-01-01 00:22:49
76,76.11,2020-01-01 00:22:50
76,76.1,2020-01-01 00:22:51
76,76.08,2020-01-01 00:22:52
76,76.06,2020-01-01 00:22:53
76,76.04,2020-01-01 00:22:54
77,76.02,2020-01-01 00:22:55
77,76.0,2020-01-01 00:22:56
77,75.98,2020-01-01 00:22:57
77,75.96,2020-01-01 00:22:58
77,75.93,2020-01-01 00:22:59
77,75.91,2020-01-01 00:23:00
77,75.89,2020-01-01 00:23:01
77,75.87,2020-01-01 00:23:02
77,75.85,2020-01-01 00:23:03
79,75.82,2020-01-01 00:23:04
80,75.8,2020-01-01 00:23:05
80,75.77,2020-01-01 00:23:06
81,75.74,2020-01-01 00:23:07
81,75.71,2020-01-01 00:23:08
81,75.69,2020-01-01 00:23:09
81,75.66,2020-01-01 00:23:10
81,75.63,2020-01-01 00:23:11
81,75.6,2020-01-01 00:23:12
82,75.58,2020-01-01 00:23:13
83,75.55,2020-01-01 00:23:14
83,75.53,2020-01-01 00:23:15
85,75.51,2020-01-01 00:23:16
85,75.49,2020-01-01 00:23:17
85,75.47,2020-01-01 00:23:18
87,75.46,2020-01-01 00:23:19
87,75.44,2020-01-01 00:23:20
87,75.43,2020-01-01 00:23:21
89,75.43,2020-01-01 00:23:22
89,75.42,2020-01-01 00:23:23
89,75.42,2020-01-01 00:23:24
88,75.41,2020-01-01 00:23:25
88,75.4,2020-01-01 00:23:26
88,75.39,2020-01-01 00:23:27
88,75.38,2020-01-01 00:23:28
88,75.37,2020-01-01 00:23:29
87,75.36,2020-01-01 00:23:30
87,75.35,2020-01-01 00:23:31
87,75.33,2020-01-01 00:23:32
86,75.32,2020-01-01 00:23:33
86,75.3,2020-01-01 00:23:34
86,75.28,2020-01-01 00:23:35
85,75.26,2020-01-01 00:23:36
85,75.24,2020-01-01 00:23:37
85,75.22,2020-01-01 00:23:38
85,75.2,2020-01-01 00:23:39
84,75.18,2020-01-01 00:23:40
84,75.16,2020-01-01 00:23:41
83,75.13,2020-01-01 00:23:42
82,75.11,2020-01-01 00:23:43
82,75.08,2020-01-01 00:23:44
81,75.06,2020-01-01 00:23:45
80,75.03,2020-01-01 00:23:46
80,75.0,2020-01-01 00:23:47
80,74.98,2020-01-01 00:23:48
80,74.95,2020-01-01 00:23:49
80,74.93,2020-01-01 00:23:50
80,74.9,2020-01-01 00:23:51
80,74.87,2020-01-01 00:23:52
80,74.85,2020-01-01 00:23:53
80,74.82,2020-01-01 00:23:54
80,74.8,2020-01-01 00:23:55
80,74.77,2020-01-01 00:23:56
80,74.75,2020-01-01 00:23:57
79,74.72,2020-01-01 00:23:58
79,74.7,2020-01-01 00:23:59
79,74.67,2020-01-01 00:24:00
79,74.65,2020-01-01 00:24:01
79,74.62,2020-01-01 00:24:02
78,74.6,2020-01-01 00:24:03
76,74.58,2020-01-01 00:24:04
76,74.57,2020-01-01 00:24:05
76,74.55,2020-01-01 00:24:06
76,74.54,2020-01-01 00:24:07
76,74.52,2020-01-01 00:24:08
75,74.51,2020-01-01 00:24:09
77,74.49,2020-01-01 00:24:10
77,74.47,2020-01-01 00:24:11
77,74.45,2020-01-01 00:24:12
76,74.43,2020-01-01 00:24:13
76,74.42,2020-01-01 00:24:14
76,74.4,2020-01-01 00:24:15
81,74.38,2020-01-01 00:24:16
81,74.35,2020-01-01 00:24:17
88,74.34,2020-01-01 00:24:18
90,74.34,2020-01-01 00:24:19
91,74.35,2020-01-01 00:24:20
91,74.36,2020-01-01 00:24:21
90,74.36,2020-01-01 00:24:22
90,74.36,2020-01-01 00:24:23
90,74.36,2020-01-01 00:24:24
88,74.36,2020-01-01 00:24:25
88,74.35,2020-01-01 00:24:26
86,74.33,2020-01-01 00:24:27
82,74.31,2020-01-01 00:24:28
82,74.28,2020-01-01 00:24:29
80,74.26,2020-01-01 00:24:30
80,74.23,2020-01-01 00:24:31
80,74.21,2020-01-01 00:24:32
80,74.18,2020-01-01 00:24:33
80,74.16,2020-01-01 00:24:34
81,74.13,2020-01-01 00:24:35
81,74.11,2020-01-01 00:24:36
81,74.08,2020-01-01 00:24:37
81,74.06,2020-01-01 00:24:38
81,74.03,2020-01-01 00:24:39
80,74.01,2020-01-01 00:24:40
80,73.98,2020-01-01 00:24:41
80,73.96,2020-01-01 00:24:42
79,73.93,2020-01-01 00:24:43
79,73.91,2020-01-01 00:24:44
79,73.89,2020-01-01 00:24:45
79,73.86,2020-01-01 00:24:46
79,73.84,2020-01-01 00:24:47
80,73.82,2020-01-01 00:24:48
81,73.79,2020-01-01 00:24:49
81,73.77,2020-01-01 00:24:50
80,73.74,2020-01-01 00:24:51
81,73.72,2020-01-01 00:24:52
81,73.69,2020-01-01 00:24:53
81,73.67,2020-01-01 00:24:54
81,73.64,2020-01-01 00:24:55
81,73.62,2020-01-01 00:24:56
81,73.59,2020-01-01 00:24:57
81,73.57,2020-01-01 00:24:58
81,73.54,2020-01-01 00:24:59
81,73.52,2020-01-01 00:25:00
81,73.5,2020-01-01 00:25:01
81,73.47,2020-01-01 00:25:02
81,73.45,2020-01-01 00:25:03
81,73.42,2020-01-01 00:25:04
81,73.4,2020-01-01 00:25:05
80,73.37,2020-01-01 00:25:06
76,73.36,2020-01-01 00:25:07
74,73.36,2020-01-01 00:25:08
74,73.35,2020-01-01 00:25:09
61,73.59,2020-01-01 00:25:10
61,73.82,2020-01-01 00:25:11
59,74.13,2020-01-01 00:25:12
58,74.48,2020-01-01 00:25:13
58,74.83,2020-01-01 00:25:14
56,75.28,2020-01-01 00:25:15
55,75.77,2020-01-01 00:25:16
55,76.27,2020-01-01 00:25:17
55,76.76,2020-01-01 00:25:18
54,77.3,2020-01-01 00:25:19
54,77.85,2020-01-01 00:25:20
53,78.45,2020-01-01 00:25:21
53,79.04,2020-01-01 00:25:22
53,79.63,2020-01-01 00:25:23
53,80.22,2020-01-01 00:25:24
54,80.73,2020-01-01 00:25:25
54,81.24,2020-01-01 00:25:26
54,81.75,2020-01-01 00:25:27
54,82.25,2020-01-01 00:25:28
54,82.74,2020-01-01 00:25:29
55,83.18,2020-01-01 00:25:30
55,83.61,2020-01-01 00:25:31
55,84.04,2020-01-01 00:25:32
55,84.47,2020-01-01 00:25:33
54,84.95,2020-01-01 00:25:34
54,85.42,2020-01-01 00:25:35
58,85.7,2020-01-01 00:25:36
60,85.91,2020-01-01 00:25:37
60,86.12,2020-01-01 00:25:38
65,86.2,2020-01-01 00:25:39
68,86.24,2020-01-01 00:25:40
67,86.29,2020-01-01 00:25:41
67,86.35,2020-01-01 00:25:42
65,86.43,2020-01-01 00:25:43
65,86.51,2020-01-01 00:25:44
63,86.64,2020-01-01 00:25:45
64,86.74,2020-01-01 00:25:46
64,86.84,2020-01-01 00:25:47
66,86.91,2020-01-01 00:25:48
72,86.91,2020-01-01 00:25:49
72,86.9,2020-01-01 00:25:50
72,86.9,2020-01-01 00:25:51
71,86.9,2020-01-01 00:25:52
